<?xml version="1.0" encoding="UTF-8" standalone="yes"?>
<businessObjectModel xmlns="http://documentation.bonitasoft.com/bdm-xml-schema/1.0" modelVersion="1.0" productVersion="7.15.0">
    <businessObjects>
        <businessObject qualifiedName="com.company.model.Accountant">
            <fields>
                <field type="STRING" length="255" name="accountantName" nullable="true" collection="false"/>
                <field type="STRING" length="255" name="accountantSurname" nullable="true" collection="false"/>
                <field type="STRING" length="255" name="accountantId" nullable="false" collection="false"/>
                <field type="STRING" length="255" name="accountantEmail" nullable="false" collection="false"/>
                <field type="LONG" length="255" name="accountantPhoneNumber" nullable="false" collection="false"/>
                <field type="LONG" length="255" name="accountantHomeNumber" nullable="true" collection="false"/>
                <field type="LONG" length="255" name="accountantFax" nullable="true" collection="false"/>
                <field type="STRING" length="255" name="accountantAddressStreet" nullable="true" collection="false"/>
                <field type="INTEGER" length="255" name="accountAddressNumber" nullable="true" collection="false"/>
            </fields>
            <uniqueConstraints/>
            <queries/>
            <indexes/>
        </businessObject>
        <businessObject qualifiedName="com.company.model.Employee">
            <fields>
                <field type="STRING" length="255" name="employeeId" nullable="false" collection="false"/>
                <field type="STRING" length="255" name="name" nullable="true" collection="false"/>
                <field type="STRING" length="255" name="surname" nullable="true" collection="false"/>
                <field type="STRING" length="255" name="jobTitle" nullable="true" collection="false"/>
                <field type="STRING" length="255" name="department" nullable="true" collection="false"/>
                <field type="STRING" length="255" name="email" nullable="false" collection="false"/>
                <field type="LONG" length="255" name="phoneNumber" nullable="false" collection="false">
                    <description>&#13;
</description>
                </field>
                <field type="LONG" length="255" name="homePhoneNumber" nullable="true" collection="false"/>
                <field type="LONG" length="255" name="fax" nullable="true" collection="false"/>
                <field type="STRING" length="255" name="addressStreet" nullable="true" collection="false"/>
                <field type="INTEGER" length="255" name="addressNumber" nullable="true" collection="false"/>
            </fields>
            <uniqueConstraints/>
            <queries/>
            <indexes/>
        </businessObject>
        <businessObject qualifiedName="com.company.model.Expenses">
            <fields>
                <field type="INTEGER" length="255" name="extraHotelCost" nullable="true" collection="false">
                    <description>paid by employee, not covered by administation&#13;
</description>
                </field>
                <field type="INTEGER" length="255" name="extraTransitCost" nullable="true" collection="false"/>
                <field type="INTEGER" length="255" name="extraAirplaneCost" nullable="true" collection="false"/>
                <field type="INTEGER" length="255" name="coveredByAdministrationCost" nullable="true" collection="false"/>
                <field type="INTEGER" length="255" name="finalCost" nullable="false" collection="false"/>
                <field type="BOOLEAN" length="255" name="areExpensesCovered" nullable="true" collection="false"/>
                <field type="BOOLEAN" length="255" name="areExpensesCorrect" nullable="true" collection="false"/>
                <relationField type="AGGREGATION" reference="com.company.model.Accountant" fetchType="LAZY" name="accountantInCharge" nullable="true" collection="false"/>
            </fields>
            <uniqueConstraints/>
            <queries/>
            <indexes/>
        </businessObject>
        <businessObject qualifiedName="com.company.model.Manager">
            <fields>
                <field type="STRING" length="255" name="managerSurname" nullable="true" collection="false"/>
                <field type="STRING" length="255" name="managerName" nullable="true" collection="false"/>
                <field type="STRING" length="255" name="managerID" nullable="false" collection="false"/>
                <field type="STRING" length="255" name="managerDepartment" nullable="true" collection="false"/>
                <field type="STRING" length="255" name="managerJobTitle" nullable="true" collection="false"/>
                <field type="STRING" length="255" name="managerEmail" nullable="false" collection="false"/>
                <field type="LONG" length="255" name="managerPhoneNumber" nullable="false" collection="false"/>
                <field type="LONG" length="255" name="managerHomeNumber" nullable="true" collection="false"/>
                <field type="STRING" length="255" name="managerAddressStreet" nullable="true" collection="false"/>
                <field type="INTEGER" length="255" name="managerAddressNumber" nullable="true" collection="false"/>
                <field type="BOOLEAN" length="255" name="authorizedmanager" nullable="true" collection="false"/>
            </fields>
            <uniqueConstraints/>
            <queries/>
            <indexes/>
        </businessObject>
        <businessObject qualifiedName="com.company.model.Reminder">
            <fields>
                <field type="BOOLEAN" length="255" name="isClientStillInterested" nullable="true" collection="false"/>
            </fields>
            <uniqueConstraints/>
            <queries/>
            <indexes/>
        </businessObject>
        <businessObject qualifiedName="com.company.model.TravelAgent">
            <fields>
                <field type="STRING" length="255" name="taName" nullable="false" collection="false"/>
                <field type="STRING" length="255" name="taSurname" nullable="false" collection="false"/>
                <field type="STRING" length="255" name="taEmail" nullable="false" collection="false"/>
                <field type="INTEGER" length="255" name="taPhoneNumber" nullable="false" collection="false">
                    <description></description>
                </field>
                <field type="LONG" length="255" name="taFax" nullable="true" collection="false"/>
                <field type="STRING" length="255" name="taAddressStreet" nullable="true" collection="false"/>
                <field type="INTEGER" length="255" name="taAddressNumber" nullable="true" collection="false"/>
            </fields>
            <uniqueConstraints/>
            <queries/>
            <indexes/>
        </businessObject>
        <businessObject qualifiedName="com.company.model.TravelRequest">
            <fields>
                <relationField type="COMPOSITION" reference="com.company.model.Employee" fetchType="LAZY" name="applier" nullable="false" collection="false"/>
                <field type="OFFSETDATETIME" length="255" name="leavesOn" nullable="false" collection="false"/>
                <field type="OFFSETDATETIME" length="255" name="returnsOn" nullable="false" collection="false"/>
                <field type="STRING" length="255" name="country" nullable="false" collection="false"/>
                <field type="STRING" length="255" name="city" nullable="false" collection="false"/>
                <field type="STRING" length="255" name="travelReason" nullable="false" collection="false"/>
                <field type="BOOLEAN" length="255" name="isRequestAccepted" nullable="true" collection="false"/>
                <relationField type="COMPOSITION" reference="com.company.model.Manager" fetchType="LAZY" name="supervisedByManager" nullable="true" collection="false"/>
            </fields>
            <uniqueConstraints/>
            <queries/>
            <indexes/>
        </businessObject>
        <businessObject qualifiedName="com.company.model.TripDetails">
            <fields>
                <field type="STRING" length="255" name="detAirline" nullable="true" collection="false"/>
                <field type="INTEGER" length="255" name="detElectronicTicketNumber" nullable="true" collection="false"/>
                <field type="INTEGER" length="255" name="gate" nullable="true" collection="false"/>
                <field type="STRING" length="255" name="seat" nullable="true" collection="false"/>
                <field type="OFFSETDATETIME" length="255" name="detDeparture" nullable="true" collection="false"/>
                <field type="OFFSETDATETIME" length="255" name="detArrival" nullable="true" collection="false"/>
                <field type="STRING" length="255" name="fromAirport" nullable="true" collection="false"/>
                <field type="STRING" length="255" name="toAirport" nullable="true" collection="false"/>
                <field type="STRING" length="255" name="flightID" nullable="false" collection="false"/>
                <field type="STRING" length="255" name="returnFlightId" nullable="false" collection="false"/>
                <field type="OFFSETDATETIME" length="255" name="detReturnDeparture" nullable="true" collection="false"/>
                <field type="OFFSETDATETIME" length="255" name="detReturnArrival" nullable="true" collection="false"/>
                <field type="STRING" length="255" name="returnFromAirport" nullable="true" collection="false"/>
                <field type="STRING" length="255" name="returnToAirport" nullable="true" collection="false"/>
                <field type="INTEGER" length="255" name="returnGate" nullable="true" collection="false"/>
                <field type="STRING" length="255" name="retureAirline" nullable="true" collection="false"/>
                <field type="STRING" length="255" name="returnSeat" nullable="true" collection="false"/>
                <field type="STRING" length="255" name="transitSpotPickUp" nullable="false" collection="false">
                    <description></description>
                </field>
                <field type="STRING" length="255" name="returnTransitSpotPickUp" nullable="false" collection="false"/>
                <field type="STRING" length="255" name="detHotelName" nullable="false" collection="false"/>
                <field type="STRING" length="255" name="detHotelAddressStreet" nullable="true" collection="false"/>
                <field type="INTEGER" length="255" name="detHotelAdressNumber" nullable="true" collection="false"/>
                <field type="STRING" length="255" name="detHotelAmenities" nullable="true" collection="true"/>
                <field type="STRING" length="255" name="detHotelTypeOfRoom" nullable="true" collection="false"/>
                <field type="BOOLEAN" length="255" name="detTripInsurance" nullable="true" collection="false"/>
                <field type="BOOLEAN" length="255" name="agreementTermsAndConditions" nullable="false" collection="false"/>
            </fields>
            <uniqueConstraints/>
            <queries/>
            <indexes/>
        </businessObject>
        <businessObject qualifiedName="com.company.model.TripOffer">
            <fields>
                <field type="STRING" length="255" name="hotelName" nullable="true" collection="false"/>
                <field type="STRING" length="255" name="amenities" nullable="true" collection="true">
                    <description>air conditioning, wifi etc.</description>
                </field>
                <field type="INTEGER" length="255" name="hotelCost" nullable="true" collection="false"/>
                <field type="INTEGER" length="255" name="distanceFromCity" nullable="true" collection="false"/>
                <field type="STRING" length="255" name="airlineCompany" nullable="true" collection="false"/>
                <field type="OFFSETDATETIME" length="255" name="departure" nullable="true" collection="false"/>
                <field type="OFFSETDATETIME" length="255" name="arrival" nullable="true" collection="false"/>
                <field type="OFFSETDATETIME" length="255" name="returnDeparture" nullable="true" collection="false"/>
                <field type="OFFSETDATETIME" length="255" name="returnArrival" nullable="true" collection="false"/>
                <field type="FLOAT" length="255" name="weightOfLuggage" nullable="true" collection="false"/>
                <field type="INTEGER" length="255" name="airplaneCost" nullable="true" collection="false"/>
                <field type="STRING" length="255" name="transitCompany" nullable="true" collection="false">
                    <description>transition in town &#13;
</description>
                </field>
                <field type="INTEGER" length="255" name="transitCost" nullable="true" collection="false"/>
                <field type="BOOLEAN" length="255" name="tripInsurance" nullable="true" collection="false"/>
                <field type="INTEGER" length="255" name="finalCost" nullable="false" collection="false"/>
                <field type="BOOLEAN" length="255" name="isOfferAccepted" nullable="true" collection="false"/>
                <field type="BOOLEAN" length="255" name="changesNeeded" nullable="true" collection="false"/>
                <relationField type="COMPOSITION" reference="com.company.model.TravelAgent" fetchType="LAZY" name="arrangedByTA" nullable="true" collection="false"/>
            </fields>
            <uniqueConstraints/>
            <queries/>
            <indexes/>
        </businessObject>
    </businessObjects>
</businessObjectModel>
